,Symbol,Description,Category2,Category3,GICS Sector,Market cap,Dividend yield,Price to TTM earnings,Price to TTM sales,Price to book value,Action
0,A,Agilent Technologies Inc,Common stocks,Large cap,Health Care,"$42,820,693,007",0.56%,35.22,6.78,7.91,Analyze
1,AAL,American Airlines Group Inc,Common stocks,Large cap,Industrials,"$10,729,315,630",0.00%,-5.38,0.36,-1.46,Analyze
2,AAP,Advance Auto Parts Inc,Common stocks,Large cap,Consumer Discretionary,"$14,496,955,101",1.39%,21.9,1.32,4.43,Analyze
3,AAPL,Apple Inc,Common stocks,Large cap,Information Technology,"$2,821,631,348,900",0.50%,28.06,7.46,39.23,Analyze
4,ABBV,Abbvie Inc,Common stocks,Large cap,Health Care,"$248,694,612,618",3.71%,21.53,4.43,18.34,Analyze
5,ABC,AmerisourceBergen Corp,Common stocks,Large cap,Health Care,"$28,835,868,711",1.28%,17.7,0.13,47.53,Analyze
6,ABMD,Abiomed Inc,Common stocks,Large cap,Health Care,"$13,217,930,795",0.00%,59.54,13.18,9.22,Analyze
7,ABT,Abbott Laboratories,Common stocks,Large cap,Health Care,"$230,071,817,537",1.39%,32.44,5.34,6.66,Analyze
8,ACN,Accenture Plc Class A,Common stocks,Large cap,Information Technology,"$227,486,891,783",1.07%,36.91,4.23,10.93,Analyze
9,ADBE,Adobe Inc,Common stocks,Large cap,Information Technology,"$240,958,511,000",0.00%,49.97,15.27,16.28,Analyze
10,ADI,Analog Devices Inc,Common stocks,Large cap,Information Technology,"$42,592,328,773",1.69%,30.63,5.82,1.12,Analyze
11,ADM,Archer-Daniels-Midland Company,Common stocks,Large cap,Consumer Staples,"$42,332,920,144",1.94%,15.64,0.5,1.88,Analyze
12,ADP,Automatic Data Processing Inc,Common stocks,Large cap,Information Technology,"$86,163,885,209",1.85%,31.4,6.15,17.07,Analyze
13,ADSK,Autodesk Inc,Common stocks,Large cap,Information Technology,"$52,300,879,626",0.00%,39.65,12.41,40.86,Analyze
14,AEE,Ameren Corp,Common stocks,Large cap,Utilities,"$22,631,521,728",2.48%,22.8,3.66,2.31,Analyze
15,AEP,American Electric Power Inc,Common stocks,Large cap,Utilities,"$45,424,344,749",3.28%,19.05,2.78,2.04,Analyze
16,AES,AES Corp,Common stocks,Large cap,Utilities,"$14,507,692,919",2.77%,27.0,1.33,4.2,Analyze
17,AFL,Aflac Inc,Common stocks,Large cap,Financials,"$42,172,423,961",2.05%,9.89,1.92,1.29,Analyze
18,AIG,American International Group Inc,Common stocks,Large cap,Financials,"$49,394,404,700",2.13%,9.11,1.04,0.78,Analyze
19,AIZ,Assurant Inc,Common stocks,Mid cap,Financials,"$8,649,064,426",1.75%,6.33,0.85,1.52,Analyze
20,AJG,Arthur J Gallagher,Common stocks,Large cap,Financials,"$32,014,087,100",1.24%,35.72,3.9,3.81,Analyze
21,AKAM,Akamai Technologies Inc,Common stocks,Large cap,Information Technology,"$18,616,948,775",0.00%,30.8,5.47,4.06,Analyze
22,ALB,Albemarle Corp,Common stocks,Large cap,Materials,"$25,156,926,949",0.72%,119.12,7.59,4.44,Analyze
23,ALGN,Align Technology Inc,Common stocks,Large cap,Health Care,"$39,687,538,158",0.00%,51.41,10.04,10.96,Analyze
24,ALK,Alaska Air Group Inc,Common stocks,Mid cap,Industrials,"$6,671,539,964",0.00%,14.02,1.08,1.76,Analyze
25,ALL,Allstate Corp,Common stocks,Large cap,Financials,"$34,879,873,908",2.64%,23.58,0.69,1.39,Analyze
26,ALLE,Allegion PLC,Common stocks,Large cap,Industrials,"$10,414,586,537",1.24%,23.08,3.61,12.38,Analyze
27,AMAT,Applied Material Inc,Common stocks,Large cap,Information Technology,"$121,219,846,210",0.86%,20.59,5.26,9.9,Analyze
28,AMCR,Amcor plc,Common stocks,Large cap,Materials,"$18,030,066,240",3.98%,18.66,1.33,3.92,Analyze
29,AMD,Advanced Micro Devices Inc,Common stocks,Large cap,Information Technology,"$145,009,863,436",0.00%,45.86,8.82,19.34,Analyze
30,AME,Ametek Inc,Common stocks,Large cap,Industrials,"$31,983,017,451",0.58%,31.42,5.77,4.53,Analyze
31,AMGN,Amgen Inc,Common stocks,Large cap,Health Care,"$126,194,092,684",3.11%,22.5,4.9,15.36,Analyze
32,AMP,Ameriprise Finance Inc,Common stocks,Large cap,Financials,"$34,042,476,822",1.45%,12.49,2.52,6.06,Analyze
33,AMT,American Tower Corporation,REITs,Large cap,Real Estate,"$114,172,213,838",2.06%,45.26,12.64,20.74,Analyze
34,AMZN,Amazon.Com Inc.,Common stocks,Large cap,Consumer Discretionary,"$1,408,303,297,454",0.00%,42.21,3.0,10.19,Analyze
35,ANET,Arista Networks Inc,Common stocks,Mid cap,Information Technology,"$9,389,049,787",0.00%,11.98,3.39,2.43,Analyze
36,ANSS,Ansys Inc,Common stocks,Large cap,Information Technology,"$28,364,188,986",0.00%,60.73,15.13,6.54,Analyze
37,ANTM,Anthem Inc,Common stocks,Large cap,Health Care,"$109,656,063,470",1.00%,17.74,0.79,3.0,Analyze
38,AON,Aon Plc,Common stocks,Large cap,Financials,"$60,921,910,259",0.74%,70.07,5.04,29.06,Analyze
39,AOS,A O Smith Corp,Common stocks,Large cap,Industrials,"$11,962,719,580",1.45%,20.12,3.38,5.35,Analyze
40,APA,Apache Corp,Common stocks,Large cap,Energy,"$12,547,492,906",0.69%,19.61,1.82,-11.46,Analyze
41,APD,Air Products And Chemicals Inc,Common stocks,Large cap,Materials,"$62,266,700,790",2.12%,26.78,5.69,4.06,Analyze
42,APH,Amphenol Corp,Common stocks,Large cap,Information Technology,"$47,286,056,723",0.80%,29.61,4.35,7.41,Analyze
43,APTV,Aptiv Plc,Common stocks,Large cap,Consumer Discretionary,"$35,669,994,500",0.00%,67.86,2.28,4.18,Analyze
44,ARE,"Alexandria Real Estate Equities, Inc",REITs,Large cap,Real Estate,"$30,675,531,452",2.32%,54.37,14.51,1.6,Analyze
45,ATO,Atmos Energy Corp,Common stocks,Large cap,Utilities,"$14,170,265,207",2.38%,21.09,4.16,1.78,Analyze
46,ATVI,Activision Blizzard Inc,Common stocks,Large cap,Communication Services,"$61,493,253,707",0.60%,28.82,6.98,3.49,Analyze
47,AVB,"AvalonBay Communities, Inc",REITs,Large cap,Real Estate,"$34,964,576,094",2.52%,34.41,15.24,3.16,Analyze
48,AVGO,Broadcom Inc.,Common stocks,Large cap,Information Technology,"$239,817,844,313",3.16%,37.26,8.74,9.6,Analyze
49,AVY,Avery Dennison Corp,Common stocks,Large cap,Materials,"$15,990,310,945",1.37%,21.18,1.9,8.14,Analyze
50,AWK,American Water Works Inc,Common stocks,Large cap,Utilities,"$28,594,010,687",1.49%,37.0,7.33,4.11,Analyze
51,AXP,American Express,Common stocks,Large cap,Financials,"$142,549,242,254",0.93%,18.12,3.34,6.54,Analyze
52,AZO,Autozone Inc,Common stocks,Large cap,Consumer Discretionary,"$41,891,331,727",0.00%,18.24,2.77,-19.6,Analyze
53,BA,Boeing,Common stocks,Large cap,Industrials,"$120,325,321,498",0.00%,-28.64,1.93,-8.11,Analyze
54,BAC,Bank of America Corp,Common stocks,Large cap,Financials,"$379,987,021,606",1.67%,12.93,4.24,1.46,Analyze
55,BAX,Baxter International Inc,Common stocks,Large cap,Health Care,"$43,109,705,270",1.25%,35.76,3.46,4.95,Analyze
56,BBWI,"Bath & Body Works, Inc.",Common stocks,Large cap,Consumer Discretionary,"$14,344,858,284",1.02%,9.05,1.12,-8.63,Analyze
57,BBY,Best Buy Inc,Common stocks,Large cap,Consumer Discretionary,"$23,358,463,196",2.86%,21.29,0.0,5.45,Analyze
58,BDX,Becton Dickinson,Common stocks,Large cap,Health Care,"$77,127,035,055",1.24%,45.72,3.87,3.17,Analyze
59,BEN,Franklin Resources Inc,Common stocks,Large cap,Financials,"$15,545,770,991",3.60%,8.14,1.8,1.28,Analyze
60,BF.B,Brown Forman Inc Class B,Common stocks,Large cap,Consumer Staples,"$31,703,456,402",1.05%,27.12,8.75,7.12,Analyze
61,BIIB,Biogen Inc,Common stocks,Large cap,Health Care,"$32,341,368,401",0.00%,20.78,2.95,2.97,Analyze
62,BIO,Bio Rad Laboratories Inc Class A,Common stocks,Large cap,Health Care,"$18,661,986,357",0.00%,2.34,6.26,1.02,Analyze
63,BK,Bank Of New York Mellon Corp,Common stocks,Large cap,Financials,"$50,185,145,999",2.17%,14.37,3.21,1.17,Analyze
64,BKNG,Booking Holdings Inc,Common stocks,Large cap,Consumer Discretionary,"$100,093,065,957",0.00%,262.02,10.86,18.05,Analyze
65,BKR,Baker Hughes Company Class A,Common stocks,Large cap,Energy,"$27,288,926,400",2.70%,-105.19,1.33,1.37,Analyze
66,BLK,Blackrock Inc,Common stocks,Large cap,Financials,"$122,410,303,711",2.04%,20.85,6.32,3.34,Analyze
67,BLL,Ball Corp,Common stocks,Large cap,Materials,"$30,161,026,228",0.75%,34.56,2.18,8.23,Analyze
68,BMY,Bristol Myers Squibb,Common stocks,Large cap,Health Care,"$142,212,650,985",3.10%,-26.69,3.13,3.88,Analyze
69,BR,Broadridge Financial Solutions Inc,Common stocks,Large cap,Information Technology,"$17,327,882,107",1.63%,32.42,3.22,10.01,Analyze
70,BRK.B,Berkshire Hathaway Inc. Class B,Common stocks,Large cap,Financials,"$703,837,985,116",0.00%,4.78,2.03,0.87,Analyze
71,BRO,Brown & Brown Inc,Common stocks,Large cap,Financials,"$18,820,924,551",0.58%,32.48,6.18,4.55,Analyze
72,BSX,Boston Scientific Corp,Common stocks,Large cap,Health Care,"$60,718,929,445",0.00%,61.94,5.11,3.7,Analyze
73,BWA,BorgWarner Inc,Common stocks,Large cap,Consumer Discretionary,"$10,602,685,781",1.53%,13.56,0.7,1.56,Analyze
74,BXP,"Boston Properties, Inc",REITs,Large cap,Real Estate,"$17,754,481,255",3.40%,35.48,6.15,14.29,Analyze
75,C,Citigroup Inc,Common stocks,Large cap,Financials,"$132,268,001,043",2.33%,6.45,1.85,0.66,Analyze
76,CAG,Conagra Brands Inc,Common stocks,Large cap,Consumer Staples,"$16,918,938,972",3.41%,15.12,1.51,1.9,Analyze
77,CAH,Cardinal Health Inc,Common stocks,Large cap,Health Care,"$14,492,356,943",3.76%,26.38,0.08,14.61,Analyze
78,CARR,Carrier Global Corporation,Common stocks,Large cap,Industrials,"$40,070,887,256",1.10%,17.86,2.0,5.76,Analyze
79,CAT,Caterpillar Inc,Common stocks,Large cap,Industrials,"$108,507,475,544",2.16%,16.54,2.13,6.51,Analyze
80,CB,Chubb Ltd,Common stocks,Large cap,Financials,"$89,314,204,408",1.52%,10.42,2.18,1.49,Analyze
81,CBOE,"Cboe Global Markets, Inc.",Common stocks,Large cap,Financials,"$12,443,102,556",1.53%,24.22,3.56,3.55,Analyze
82,CBRE,CBRE Group Inc,Common stocks,Large cap,Real Estate,"$34,176,078,236",0.00%,23.23,1.31,4.25,Analyze
83,CCI,Crown Castle International Corp.,REITs,Large cap,Real Estate,"$78,522,686,097",2.97%,71.1,12.39,9.44,Analyze
84,CCL,Carnival Corp,Common stocks,Large cap,Consumer Discretionary,"$22,455,156,925",0.00%,-2.07,11.77,1.62,Analyze
85,CDAY,Ceridian HCM Holding Inc.,Common stocks,Large cap,Information Technology,"$11,345,306,137",0.00%,-140.44,11.76,5.26,Analyze
86,CDNS,Cadence Design Systems Inc,Common stocks,Large cap,Information technology,"$40,578,985,220",0.00%,58.55,13.64,15.42,Analyze
87,CDW,CDW Corp,Common stocks,Large cap,Information Technology,"$26,190,472,713",0.88%,25.89,1.29,31.29,Analyze
88,CE,Celanese Corporation,Common stocks,Large cap,Materials,"$17,405,182,470",1.69%,9.02,2.04,3.76,Analyze
89,CEG,Constellation Energy Corporation,Common stocks,Large cap,Utilities,"$17,497,472,236",0.00%,0.0,0.0,0.0,Analyze
90,CERN,Cerner Corp,Common stocks,Large cap,Health Care,"$26,869,605,226",1.01%,77.51,4.71,7.0,Analyze
91,CF,CF Industries Holdings Inc,Common stocks,Large cap,Materials,"$15,785,392,384",1.62%,53.84,3.1,5.48,Analyze
92,CFG,Citizens Financial Group Inc,Common stocks,Large cap,Financials,"$22,575,791,541",2.91%,10.44,3.4,0.98,Analyze
93,CHD,Church And Dwight Inc,Common stocks,Large cap,Consumer Staples,"$25,157,047,633",0.98%,29.79,4.85,7.63,Analyze
94,CHRW,"C.H. Robinson Worldwide, Inc.",Common stocks,Large cap,Industrials,"$11,641,677,097",2.29%,13.79,0.5,5.76,Analyze
95,CHTR,Charter Communications Inc Class A,Common stocks,Large cap,Communication Services,"$109,448,235,513",0.00%,23.52,2.12,6.03,Analyze
96,CI,Cigna Corp,Common stocks,Large cap,Health Care,"$72,105,426,729",1.83%,8.75,0.42,1.55,Analyze
97,CINF,Cincinnati Financial Corp,Common stocks,Large cap,Financials,"$19,415,878,849",2.07%,7.69,2.16,1.64,Analyze
98,CL,Colgate-Palmolive,Common stocks,Large cap,Consumer Staples,"$69,728,872,206",2.16%,31.57,4.0,112.27,Analyze
99,CLX,Clorox,Common stocks,Large cap,Consumer Staples,"$20,314,129,730",2.75%,70.34,2.87,35.39,Analyze
100,CMA,Comerica Inc,Common stocks,Large cap,Financials,"$12,461,746,053",2.83%,11.16,4.61,1.61,Analyze
101,CMCSA,Comcast A Corp,Common stocks,Large cap,Communication Services,"$224,560,734,558",2.00%,15.86,1.93,2.3,Analyze
102,CME,CME Group Inc Class A,Common stocks,Large cap,Financials,"$86,639,634,461",1.48%,35.58,18.67,3.18,Analyze
103,CMG,Chipotle Mexican Grill Inc,Common stocks,Large cap,Consumer Discretionary,"$40,724,312,061",0.00%,58.75,5.66,18.06,Analyze
104,CMI,Cummins Inc,Common stocks,Large cap,Industrials,"$32,503,987,458",2.44%,15.34,1.35,3.86,Analyze
105,CMS,CMS Energy Corp,Common stocks,Large cap,Utilities,"$18,728,936,199",2.00%,13.9,2.53,2.83,Analyze
106,CNC,Centene Corp,Common stocks,Large cap,Health Care,"$47,572,994,046",0.00%,63.88,0.39,1.78,Analyze
107,CNP,Centerpoint Energy Inc,Common stocks,Large cap,Utilities,"$17,702,570,412",2.29%,19.47,2.19,1.98,Analyze
108,COF,Capital One Financial Corp,Common stocks,Large cap,Financials,"$63,115,494,981",1.34%,5.35,2.08,1.05,Analyze
109,COO,"Cooper Companies, Inc.",Common stocks,Large cap,Health Care,"$20,847,106,698",0.02%,6.52,7.13,2.77,Analyze
110,COP,ConocoPhillips,Common stocks,Large cap,Energy,"$119,852,701,804",1.90%,25.89,3.31,2.75,Analyze
111,COST,Costco Wholesale Corp,Common stocks,Large cap,Consumer Staples,"$231,369,768,220",0.60%,44.8,1.17,13.17,Analyze
112,CPB,Campbell Soup,Common stocks,Large cap,Consumer Staples,"$13,457,509,359",3.28%,13.63,1.61,4.02,Analyze
113,CPRT,Copart Inc,Common stocks,Large cap,Industrials,"$30,459,742,162",0.00%,30.56,10.47,8.03,Analyze
114,CRL,Charles River Laboratories International,Common stocks,Large cap,Health Care,"$17,009,025,683",0.00%,42.71,4.96,6.98,Analyze
115,CRM,Salesforce.Com Inc,Common stocks,Large cap,Information Technology,"$209,578,450,000",0.00%,124.18,8.39,3.78,Analyze
116,CSCO,Cisco Systems Inc,Common stocks,Large cap,Information Technology,"$232,811,881,836",2.66%,20.43,4.58,5.45,Analyze
117,CSX,CSX Corp,Common stocks,Large cap,Industrials,"$76,764,405,855",1.07%,20.3,6.13,5.69,Analyze
118,CTAS,Cintas Corp,Common stocks,Large cap,Industrials,"$39,945,340,366",0.88%,34.73,5.37,11.21,Analyze
119,CTLT,Catalent Inc,Common stocks,Large cap,Health Care,"$18,456,685,028",0.00%,32.77,4.12,4.1,Analyze
120,CTRA,Coterra Energy Inc.,Common stocks,Large cap,Energy,"$18,671,606,815",1.50%,54.33,11.1,8.19,Analyze
121,CTSH,Cognizant Technology Solutions,Common stocks,Large cap,Information Technology,"$45,203,164,228",1.11%,21.15,2.44,3.77,Analyze
122,CTVA,"Corteva, Inc.",Common stocks,Large cap,Materials,"$35,373,953,770",1.11%,20.82,2.26,1.44,Analyze
123,CTXS,Citrix Systems Inc,Common stocks,Large cap,Information Technology,"$12,752,913,662",1.44%,41.47,3.96,23.3,Analyze
124,CVS,CVS Health Corp,Common stocks,Large cap,Health Care,"$143,516,777,189",1.87%,18.9,0.5,1.93,Analyze
125,CVX,Chevron Corp,Common stocks,Large cap,Energy,"$258,695,450,330",3.89%,16.76,1.64,1.88,Analyze
126,CZR,Caesars Entertainment Corp,Common stocks,Large cap,Consumer Discretionary,"$16,323,786,611",0.00%,-14.32,1.95,3.34,Analyze
127,D,Dominion Energy Inc,Common stocks,Large cap,Utilities,"$65,495,558,117",3.07%,24.81,4.81,2.41,Analyze
128,DAL,Delta Air Lines Inc,Common stocks,Large cap,Industrials,"$25,427,748,989",0.00%,91.41,0.85,7.02,Analyze
129,DD,"DuPont de Nemours, Inc.",Common stocks,Large cap,Materials,"$40,651,966,102",1.54%,6.13,2.31,1.49,Analyze
130,DE,Deere & Company,Common stocks,Large cap,Industrials,"$114,307,033,636",1.05%,19.09,2.62,6.18,Analyze
131,DFS,Discover Financial Services,Common stocks,Large cap,Financials,"$33,979,202,919",1.61%,6.42,2.81,2.56,Analyze
132,DG,Dollar General Corp,Common stocks,Large cap,Consumer Discretionary,"$47,585,564,726",0.82%,19.18,1.4,7.58,Analyze
133,DGX,Quest Diagnostics Inc,Common stocks,Large cap,Health Care,"$16,721,798,035",1.82%,8.27,1.55,2.54,Analyze
134,DHI,D R Horton Inc,Common stocks,Large cap,Consumer Discretionary,"$31,247,302,990",0.93%,6.58,1.08,1.86,Analyze
135,DHR,Danaher Corp,Common stocks,Large cap,Health Care,"$207,162,979,802",0.29%,32.79,7.03,4.55,Analyze
136,DIS,Walt Disney,Common stocks,Large cap,Communication Services,"$254,526,362,398",0.00%,129.4,3.78,2.92,Analyze
137,DISCA,Discovery Communications Inc Series A,Common stocks,Large cap,Communication Services,"$14,543,836,492",0.00%,3.95,1.22,0.42,Analyze
138,DISCK,"Discovery Communications, Inc. - Series C",Common stocks,Large cap,Communication Services,"$14,543,836,492",0.00%,7.62,1.22,0.81,Analyze
139,DISH,Dish Network Corp Class A,Common stocks,Large cap,Communication Services,"$16,216,363,943",0.00%,3.46,0.9,0.6,Analyze
140,DLR,"Digital Realty Trust, Inc",REITs,Large cap,Real Estate,"$41,716,756,032",3.12%,61.66,9.53,2.38,Analyze
141,DLTR,Dollar Tree Inc,Common stocks,Large cap,Consumer Discretionary,"$29,658,206,819",0.00%,20.19,1.14,4.09,Analyze
142,DOV,Dover Corp,Common stocks,Large cap,Industrials,"$23,550,129,845",1.21%,20.9,2.98,5.61,Analyze
143,DOW,Dow Inc.,Common stocks,Large cap,Materials,"$45,271,798,159",4.50%,7.09,0.82,2.39,Analyze
144,DPZ,Dominos Pizza Inc,Common stocks,Large cap,Consumer Discretionary,"$16,148,087,765",0.84%,31.46,3.69,-3.86,Analyze
145,DRE,Duke Realty Corporation,REITs,Large cap,Real Estate,"$22,393,997,640",1.76%,25.78,20.25,3.63,Analyze
146,DRI,Darden Restaurants Inc,Common stocks,Large cap,Consumer Discretionary,"$17,701,224,395",2.99%,19.11,2.06,6.92,Analyze
147,DTE,DTE Energy,Common stocks,Large cap,Utilities,"$23,258,896,997",2.93%,26.57,1.66,2.71,Analyze
148,DUK,Duke Energy Corp,Common stocks,Large cap,Utilities,"$81,111,262,957",3.65%,26.6,3.29,1.63,Analyze
149,DVA,Davita Inc,Common stocks,Large cap,Health Care,"$11,201,867,000",0.00%,11.55,0.97,9.69,Analyze
150,DVN,Devon Energy Corp,Common stocks,Large cap,Energy,"$35,887,770,000",2.19%,29.78,4.02,4.01,Analyze
151,DXC,DXC Technology Company,Common stocks,Mid cap,Information Technology,"$8,805,657,067",0.00%,-14.9,0.53,1.79,Analyze
152,DXCM,Dexcom Inc,Common stocks,Large cap,Health Care,"$40,584,163,297",0.00%,76.68,17.5,19.0,Analyze
153,EA,Electronic Arts Inc,Common stocks,Large cap,Communication Services,"$38,826,729,952",0.49%,60.67,5.96,5.1,Analyze
154,EBAY,Ebay Inc,Common stocks,Large cap,Consumer Discretionary,"$37,176,691,488",1.25%,2.98,3.36,3.4,Analyze
155,ECL,Ecolab Inc,Common stocks,Large cap,Materials,"$54,229,997,177",1.03%,47.58,4.36,7.75,Analyze
156,ED,Consolidated Edison Inc,Common stocks,Large cap,Utilities,"$30,740,683,478",3.51%,26.11,2.33,1.52,Analyze
157,EFX,Equifax Inc,Common stocks,Large cap,Industrials,"$28,481,254,611",0.67%,40.25,5.95,8.07,Analyze
158,EIX,Edison International,Common stocks,Large cap,Utilities,"$23,310,077,611",4.31%,36.86,1.58,1.56,Analyze
159,EL,Estee Lauder Inc Class A,Common stocks,Large cap,Consumer Staples,"$109,610,316,265",0.72%,22.31,6.18,11.61,Analyze
160,EMN,Eastman Chemical,Common stocks,Large cap,Materials,"$16,282,062,190",2.32%,18.7,1.55,2.62,Analyze
161,EMR,Emerson Electric,Common stocks,Large cap,Industrials,"$57,461,391,000",2.09%,20.6,3.1,5.72,Analyze
162,ENPH,Enphase Energy Inc,Common stocks,Large cap,Information Technology,"$17,931,213,464",0.00%,108.12,14.53,27.68,Analyze
163,EOG,EOG Resources Inc,Common stocks,Large cap,Energy,"$65,401,358,076",1.74%,22.05,3.93,3.28,Analyze
164,EPAM,Epam Systems Inc,Common stocks,Large cap,Information Technology,"$25,156,258,808",0.00%,60.56,7.46,11.0,Analyze
165,EQIX,"Equinix, Inc.",REITs,Large cap,Real Estate,"$64,191,271,892",1.60%,150.01,9.89,6.07,Analyze
166,EQR,Equity Residential,REITs,Large cap,Real Estate,"$34,347,735,773",2.60%,25.42,16.83,3.02,Analyze
167,ES,Eversource Energy,Common stocks,Large cap,Utilities,"$30,278,977,863",2.71%,25.44,3.15,2.09,Analyze
168,ESS,"Essex Property Trust, Inc",REITs,Large cap,Real Estate,"$21,464,664,907",2.51%,43.56,14.9,3.45,Analyze
169,ETN,"Eaton Corporation, PLC",Common stocks,Large cap,Industrials,"$62,512,438,000",1.93%,29.1,3.2,3.77,Analyze
170,ETR,Entergy Corp,Common stocks,Large cap,Utilities,"$22,503,875,937",3.40%,17.87,1.98,1.97,Analyze
171,ETSY,Etsy Inc,Common stocks,Large cap,Consumer Discretionary,"$16,096,083,385",0.00%,33.5,7.22,30.16,Analyze
172,EVRG,Evergy Inc,Common stocks,Large cap,Utilities,"$15,094,996,741",3.27%,17.05,2.72,1.61,Analyze
173,EW,Edwards Lifesciences Corp,Common stocks,Large cap,Health Care,"$69,669,486,409",0.00%,46.6,13.32,12.0,Analyze
174,EXC,Exelon Corp,Common stocks,Large cap,Utilities,"$42,819,292,181",2.46%,25.58,1.23,1.26,Analyze
175,EXPD,Expeditors International Of Washington,Common stocks,Large cap,Industrials,"$18,815,682,510",1.04%,16.2,1.3,5.51,Analyze
176,EXPE,Expedia Inc,Common stocks,Large cap,Consumer Discretionary,"$26,815,128,801",0.00%,-28.02,3.7,12.68,Analyze
177,EXR,Extra Space Storage Inc,REITs,Large cap,Real Estate,"$27,386,229,590",2.18%,37.71,18.22,9.02,Analyze
178,F,Ford Motor Company,Common stocks,Large cap,Consumer Discretionary,"$78,075,995,703",1.00%,3.93,0.57,1.45,Analyze
179,FANG,Diamondback Energy Inc,Common stocks,Large cap,Energy,"$23,442,174,895",1.34%,53.16,4.23,2.04,Analyze
180,FAST,Fastenal,Common stocks,Large cap,Industrials,"$32,427,709,899",2.02%,35.06,5.4,10.66,Analyze
181,FB,Facebook Inc Class A,Common stocks,Large cap,Communication Services,"$678,567,070,433",0.00%,14.29,5.75,4.51,Analyze
182,FBHS,Fortune Brands Home And Security,Common stocks,Large cap,Industrials,"$12,350,468,143",1.14%,15.71,1.61,3.96,Analyze
183,FCX,"Freeport-McMoRan, Inc.",Common stocks,Large cap,Materials,"$56,095,688,311",0.78%,13.1,2.46,4.04,Analyze
184,FDS,Factset Research Systems Inc,Common stocks,Large cap,Financials,"$15,844,569,053",0.77%,39.12,9.73,14.46,Analyze
185,FDX,FedEx Corporation,Common stocks,Large cap,Industrials,"$65,532,217,663",1.17%,13.17,0.73,2.59,Analyze
186,FE,Firstenergy Corp,Common stocks,Large cap,Utilities,"$23,192,275,769",2.72%,20.51,2.11,3.01,Analyze
187,FFIV,F5 Networks Inc,Common stocks,Large cap,Information Technology,"$12,505,490,205",0.00%,37.09,6.09,5.2,Analyze
188,FIS,Fidelity National Information Services,Common stocks,Large cap,Information Technology,"$70,289,616,494",1.34%,301.19,5.2,1.47,Analyze
189,FISV,Fiserv Inc,Common stocks,Large cap,Information Technology,"$70,169,449,308",0.00%,53.94,4.44,2.22,Analyze
190,FITB,Fifth Third Bancorp,Common stocks,Large cap,Financials,"$31,575,911,467",2.44%,11.89,4.18,1.42,Analyze
191,FLT,Fleetcor Technologies Inc,Common stocks,Large cap,Information Technology,"$18,999,659,712",0.00%,23.26,7.17,6.04,Analyze
192,FMC,FMC Corp,Common stocks,Large cap,Materials,"$14,031,390,497",1.77%,23.57,2.93,4.61,Analyze
193,FOX,Fox Corporation Class B,Common stocks,Large cap,Communication Services,"$22,436,196,612",1.25%,5.35,1.7,0.82,Analyze
194,FOXA,Fox Corporation Class A,Common stocks,Large cap,Communication Services,"$22,436,196,612",1.15%,7.51,1.7,1.15,Analyze
195,FRC,First Republic Bank,Common stocks,Large cap,Financials,"$30,122,273,520",0.50%,25.34,8.33,1.61,Analyze
196,FRT,Federal Realty Investment Trust,REITs,Mid cap,Real Estate,"$9,555,662,848",3.43%,0.0,10.43,0.0,Analyze
197,FTNT,Fortinet Inc,Common stocks,Large cap,Information Technology,"$48,559,437,630",0.00%,80.03,14.53,60.85,Analyze
198,FTV,Fortive Corp,Common stocks,Large cap,Industrials,"$23,684,053,915",0.42%,40.34,4.51,2.43,Analyze
199,GD,General Dynamics Corp,Common stocks,Large cap,Industrials,"$59,242,707,841",2.22%,18.2,1.54,3.36,Analyze
200,GE,General Electric,Common stocks,Large cap,Industrials,"$107,968,842,425",0.33%,-16.08,1.46,2.7,Analyze
201,GILD,Gilead Sciences Inc,Common stocks,Large cap,Health Care,"$82,024,138,504",4.28%,13.18,3.0,3.89,Analyze
202,GIS,General Mills Inc,Common stocks,Large cap,Consumer Staples,"$41,651,422,635",2.93%,18.32,2.24,4.18,Analyze
203,GL,Globe Life Inc.,Common stocks,Large cap,Financials,"$10,342,292,225",0.77%,14.08,2.02,1.22,Analyze
204,GLW,Corning Inc,Common stocks,Large cap,Information Technology,"$36,363,734,438",2.23%,33.37,2.58,2.92,Analyze
205,GM,General Motors,Common stocks,Large cap,Consumer Discretionary,"$77,169,963,208",0.00%,7.58,0.61,1.13,Analyze
206,GNRC,Generac Holdings Inc,Common stocks,Large cap,Industrials,"$17,377,502,163",0.00%,33.16,5.06,9.91,Analyze
207,GOOG,Alphabet Inc Class C,Common stocks,Large cap,Communication Services,"$1,926,269,637,534",0.00%,11.84,7.48,3.58,Analyze
208,GOOGL,Alphabet Inc Class A,Common stocks,Large cap,Communication Services,"$1,926,269,637,534",0.00%,11.32,7.48,3.42,Analyze
209,GPC,Genuine Parts,Common stocks,Large cap,Consumer Discretionary,"$18,907,911,264",2.43%,22.71,1.03,5.81,Analyze
210,GPN,Global Payments Inc,Common stocks,Large cap,Information Technology,"$41,935,524,175",0.61%,45.02,5.08,1.62,Analyze
211,GRMN,Garmin Ltd,Common stocks,Large cap,Consumer Discretionary,"$24,059,488,330",0.54%,21.24,4.87,4.1,Analyze
212,GS,Goldman Sachs Group Inc,Common stocks,Large cap,Financials,"$120,150,504,662",1.80%,5.82,2.06,1.12,Analyze
213,GWW,W.W. Grainger Inc,Common stocks,Large cap,Industrials,"$26,150,545,456",1.25%,24.09,2.01,11.63,Analyze
214,HAL,Halliburton,Common stocks,Large cap,Energy,"$27,945,525,766",0.58%,19.62,1.83,4.25,Analyze
215,HAS,Hasbro Inc,Common stocks,Large cap,Consumer Discretionary,"$12,936,660,845",2.87%,28.64,2.11,4.29,Analyze
216,HBAN,Huntington Bancshares Inc,Common stocks,Large cap,Financials,"$22,521,401,647",3.83%,19.53,3.76,1.17,Analyze
217,HCA,"HCA Healthcare, Inc.",Common stocks,Large cap,Health Care,"$74,912,951,608",0.79%,10.69,1.28,-79.7,Analyze
218,HD,Home Depot Inc,Common stocks,Large cap,Consumer Discretionary,"$380,948,894,161",1.80%,21.0,2.44,362.88,Analyze
219,HES,Hess Corp,Common stocks,Large cap,Energy,"$28,494,874,248",1.08%,52.99,3.81,4.7,Analyze
220,HIG,Hartford Financial Services Group,Common stocks,Large cap,Financials,"$24,570,108,553",1.97%,10.21,1.11,1.34,Analyze
221,HII,Huntington Ingalls Industries Inc,Common stocks,Mid cap,Industrials,"$7,352,394,963",2.48%,10.87,0.77,3.34,Analyze
222,HLT,Hilton Worldwide Holdings Inc,Common stocks,Large cap,Consumer Discretionary,"$40,177,730,460",0.00%,1039.85,8.3,-35.95,Analyze
223,HOLX,Hologic Inc,Common stocks,Large cap,Health Care,"$18,338,834,750",0.00%,10.69,3.34,4.06,Analyze
224,HON,Honeywell International Inc,Common stocks,Large cap,Industrials,"$131,998,221,227",1.48%,23.82,3.84,6.86,Analyze
225,HPE,Hewlett Packard Enterprise,Common stocks,Large cap,Information Technology,"$21,794,462,433",3.52%,6.36,0.78,1.09,Analyze
226,HPQ,HP Inc,Common stocks,Large cap,Information Technology,"$40,840,294,925",2.19%,6.26,0.64,-24.67,Analyze
227,HRL,Hormel Foods Corp,Common stocks,Large cap,Consumer Staples,"$25,934,843,562",2.07%,28.05,2.28,3.65,Analyze
228,HSIC,Henry Schein Inc,Common stocks,Large cap,Health Care,"$10,561,443,218",0.00%,16.85,0.86,3.05,Analyze
229,HST,"Host Hotels & Resorts, Inc",REITs,Large cap,Real Estate,"$12,195,723,231",0.00%,-36.85,0.0,1.99,Analyze
230,HSY,Hershey Foods,Common stocks,Large cap,Consumer Staples,"$42,444,316,640",1.66%,19.95,4.73,10.69,Analyze
231,HUM,Humana Inc,Common stocks,Large cap,Health Care,"$54,782,600,167",0.66%,18.84,0.66,3.44,Analyze
232,HWM,Howmet Aerospace Inc.,Common stocks,Large cap,Industrials,"$13,893,128,775",0.18%,53.7,3.76,3.92,Analyze
233,IBM,International Business Machines Co,Common stocks,Large cap,Information Technology,"$123,494,979,658",4.67%,21.41,1.74,6.47,Analyze
234,ICE,Intercontinental Exchange Inc,Common stocks,Large cap,Financials,"$72,053,780,531",1.03%,18.02,7.86,3.21,Analyze
235,IDXX,Idexx Laboratories Inc,Common stocks,Large cap,Health Care,"$45,699,515,032",0.00%,61.35,14.21,66.23,Analyze
236,IEX,IDEX Corp,Common stocks,Large cap,Industrials,"$15,405,501,517",1.06%,33.41,5.57,5.36,Analyze
237,IFF,International Flavors & Fragrances,Common stocks,Large cap,Materials,"$32,834,016,756",2.41%,130.67,3.32,1.51,Analyze
238,ILMN,Illumina Inc,Common stocks,Large cap,Health Care,"$55,745,958,000",0.00%,61.53,13.02,5.26,Analyze
239,INCY,Incyte Corp,Common stocks,Large cap,Health Care,"$16,136,059,645",0.00%,30.18,5.54,5.12,Analyze
240,INFO,IHS Markit Ltd,Common stocks,Large cap,Industrials,"$49,040,188,879",0.69%,38.61,10.53,4.91,Analyze
241,INTC,Intel Corporation Corp,Common stocks,Large cap,Information Technology,"$196,596,160,000",2.14%,9.9,2.49,2.06,Analyze
242,INTU,Intuit Inc,Common stocks,Large cap,Information Technology,"$146,775,757,265",0.47%,72.5,14.23,15.58,Analyze
243,IP,International Paper,Common stocks,Large cap,Materials,"$18,418,236,318",3.99%,10.34,0.85,2.0,Analyze
244,IPG,Interpublic Group Of Companies Inc,Common stocks,Large cap,Communication Services,"$14,391,754,753",2.92%,20.22,1.46,4.51,Analyze
245,IPGP,IPG Photonics Corp,Common stocks,Mid cap,Information Technology,"$7,856,659,197",0.00%,29.91,5.48,2.87,Analyze
246,IQV,"IQVIA Holdings, Inc.",Common stocks,Large cap,Health Care,"$47,796,172,755",0.00%,62.24,3.53,8.19,Analyze
247,IR,Ingersoll Rand Plc,Common stocks,Large cap,Industrials,"$22,457,912,838",0.04%,28.04,4.09,2.57,Analyze
248,IRM,Iron Mountain Incorporated,REITs,Large cap,Real Estate,"$13,287,426,463",5.29%,20.78,3.03,13.57,Analyze
249,ISRG,Intuitive Surgical Inc,Common stocks,Large cap,Health Care,"$102,026,847,502",0.00%,48.62,17.87,8.54,Analyze
250,IT,Gartner Inc,Common stocks,Large cap,Information Technology,"$23,843,556,169",0.00%,34.43,5.25,72.44,Analyze
251,ITW,Illinois Tool Inc,Common stocks,Large cap,Industrials,"$75,786,501,051",1.94%,26.67,5.24,19.82,Analyze
252,IVZ,Invesco Ltd,Common stocks,Large cap,Financials,"$10,261,845,003",2.96%,7.56,1.49,0.63,Analyze
253,J,Jacobs Engineering Group Inc.,Common stocks,Large cap,Industrials,"$16,693,012,577",0.65%,39.38,1.18,2.77,Analyze
254,JBHT,JB Hunt Transport Services Inc,Common stocks,Large cap,Industrials,"$20,300,235,656",0.67%,26.68,1.67,6.51,Analyze
255,JCI,Johnson Controls International Plc,Common stocks,Large cap,Industrials,"$48,514,415,368",1.67%,30.33,2.24,2.57,Analyze
256,JKHY,"Jack Henry & Associates, Inc.",Common stocks,Large cap,Information Technology,"$12,364,852,344",1.10%,38.36,6.89,8.86,Analyze
257,JNJ,Johnson & Johnson,Common stocks,Large cap,Health Care,"$454,807,452,364",2.40%,21.64,4.85,6.43,Analyze
258,JNPR,Juniper Networks Inc,Common stocks,Large cap,Information Technology,"$11,306,547,299",2.28%,45.21,2.39,2.65,Analyze
259,JPM,JP Morgan Chase & Co,Common stocks,Large cap,Financials,"$439,448,063,271",2.53%,9.7,3.61,1.53,Analyze
260,K,Kellogg,Common stocks,Large cap,Consumer Staples,"$21,651,064,306",3.59%,16.67,1.52,6.03,Analyze
261,KEY,Keycorp,Common stocks,Large cap,Financials,"$23,844,402,679",2.89%,9.67,3.28,1.4,Analyze
262,KEYS,Keysight Technologies Inc,Common stocks,Large cap,Information Technology,"$30,363,086,251",0.00%,34.03,6.15,8.04,Analyze
263,KHC,Kraft Heinz,Common stocks,Large cap,Consumer Staples,"$43,869,681,802",4.39%,19.07,1.67,0.88,Analyze
264,KIM,Kimco Realty Corporation,REITs,Large cap,Real Estate,"$14,818,930,514",2.80%,15.67,12.25,1.48,Analyze
265,KLAC,KLA-Tencor Corporation,Common stocks,Large cap,Information Technology,"$56,319,309,372",1.04%,18.86,6.9,13.92,Analyze
266,KMB,Kimberly Clark Corp,Common stocks,Large cap,Consumer Staples,"$45,955,098,219",3.30%,24.62,2.36,60.61,Analyze
267,KMI,Kinder Morgan Inc,Common stocks,Large cap,Energy,"$39,158,438,506",6.11%,22.05,2.36,1.28,Analyze
268,KMX,Carmax Inc,Common stocks,Large cap,Consumer Discretionary,"$17,254,475,300",0.00%,14.3,0.59,3.36,Analyze
269,KO,Coca-Cola,Common stocks,Large cap,Consumer Staples,"$266,119,480,740",2.70%,29.88,7.04,11.87,Analyze
270,KR,Kroger,Common stocks,Large cap,Consumer Staples,"$33,167,378,492",1.72%,30.23,0.23,3.47,Analyze
271,L,Loews Corp,Common stocks,Large cap,Financials,"$15,500,117,573",0.41%,9.52,1.03,0.87,Analyze
272,LDOS,Leidos Holdings Inc,Common stocks,Large cap,Industrials,"$12,627,735,253",1.55%,16.11,0.94,3.04,Analyze
273,LEN,Lennar Corporation Class A,Common stocks,Large cap,Consumer Discretionary,"$27,765,555,650",1.18%,5.33,1.09,1.12,Analyze
274,LH,Laboratory Corporation Of America,Common stocks,Large cap,Health Care,"$26,607,471,000",0.00%,22.03,1.61,2.52,Analyze
275,LHX,"L3Harris Technologies, Inc.",Common stocks,Large cap,Industrials,"$41,907,873,414",1.90%,22.67,2.35,2.17,Analyze
276,LIN,Linde Plc,Common stocks,Large cap,Materials,"$159,814,565,126",1.35%,42.78,5.37,3.45,Analyze
277,LKQ,LKQ Corp,Common stocks,Large cap,Consumer Discretionary,"$16,230,229,069",0.45%,15.67,1.26,2.75,Analyze
278,LLY,Eli Lilly,Common stocks,Large cap,Health Care,"$234,183,383,730",1.38%,41.52,8.27,29.88,Analyze
279,LMT,Lockheed Martin Corp,Common stocks,Large cap,Industrials,"$106,125,802,673",2.69%,16.79,1.58,9.67,Analyze
280,LNC,Lincoln National Corp,Common stocks,Large cap,Financials,"$12,154,466,288",2.52%,9.2,0.63,0.64,Analyze
281,LNT,Alliant Energy Corp,Common stocks,Large cap,Utilities,"$14,980,435,260",2.70%,23.61,4.21,2.5,Analyze
282,LOW,Lowes Companies Inc,Common stocks,Large cap,Consumer Discretionary,"$157,730,954,417",1.28%,18.86,1.66,-97.93,Analyze
283,LRCX,Lam Research Corp,Common stocks,Large cap,Information Technology,"$82,132,104,193",0.95%,17.89,4.97,12.68,Analyze
284,LUMN,"CenturyLink, Inc.",Common stocks,Large cap,Communication Services,"$12,911,305,433",7.81%,-16.77,0.65,1.15,Analyze
285,LUV,Southwest Airlines,Common stocks,Large cap,Industrials,"$25,713,000,760",0.00%,26.42,1.63,2.48,Analyze
286,LVS,Las Vegas Sands Corp,Common stocks,Large cap,Consumer Discretionary,"$33,546,790,010",0.00%,-35.14,10.39,15021.51,Analyze
287,LW,Lamb Weston Holdings Inc,Common stocks,Mid cap,Consumer Staples,"$9,288,674,292",1.48%,46.99,2.39,24.96,Analyze
288,LYB,Lyondellbasell Industries NV,Common stocks,Large cap,Materials,"$33,281,722,239",4.41%,5.82,0.81,2.83,Analyze
289,LYV,Live Nation Entertainment Inc,Common stocks,Large cap,Communication Services,"$23,778,014,082",0.00%,-27.16,6.25,-60.13,Analyze
290,MA,Mastercard Inc Class A,Common stocks,Large cap,Information Technology,"$380,204,779,027",0.46%,42.88,20.13,50.46,Analyze
291,MAA,"Mid-America Apartment Communities, Inc",REITs,Large cap,Real Estate,"$24,526,765,565",1.94%,46.18,13.79,3.98,Analyze
292,MAR,Marriott International Inc,Common stocks,Large cap,Consumer Discretionary,"$52,763,919,031",0.00%,112.98,4.56,57.48,Analyze
293,MAS,Masco Corp,Common stocks,Large cap,Industrials,"$15,287,199,687",1.12%,31.72,1.86,-119.06,Analyze
294,MCD,Mcdonalds Corp,Common stocks,Large cap,Consumer Discretionary,"$194,762,048,093",2.00%,25.76,8.39,-42.24,Analyze
295,MCHP,Microchip Technology Inc,Common stocks,Large cap,Information Technology,"$41,154,760,709",0.73%,42.71,6.39,7.09,Analyze
296,MCK,Mckesson Corp,Common stocks,Large cap,Health Care,"$40,830,264,832",0.66%,28.72,0.16,-51.52,Analyze
297,MCO,Moodys Corp,Common stocks,Large cap,Financials,"$63,272,924,000",0.73%,30.69,10.6,26.54,Analyze
298,MDLZ,Mondelez International Inc,Common stocks,Large cap,Consumer Staples,"$94,774,406,648",1.94%,22.04,3.3,3.35,Analyze
299,MDT,Medtronic Plc,Common stocks,Large cap,Health Care,"$137,373,468,791",2.40%,29.36,4.32,2.66,Analyze
300,MET,Metlife Inc,Common stocks,Large cap,Financials,"$56,971,779,872",2.11%,9.13,0.85,0.86,Analyze
301,MGM,MGM Resorts International,Common stocks,Large cap,Consumer Discretionary,"$20,155,894,052",0.02%,32.7,2.48,3.06,Analyze
302,MHK,Mohawk Industries Inc,Common stocks,Large cap,Consumer Discretionary,"$10,340,701,386",0.00%,9.31,0.93,1.16,Analyze
303,MKC,McCormick & Co Non-voting,Common stocks,Large cap,Consumer Staples,"$27,446,620,723",1.34%,33.58,4.34,5.73,Analyze
304,MKTX,Marketaxess Holdings Inc,Common stocks,Large cap,Financials,"$13,306,226,931",0.75%,51.6,19.04,12.78,Analyze
305,MLM,Martin Marietta Materials Inc,Common stocks,Large cap,Materials,"$23,262,207,154",0.63%,31.85,4.56,3.65,Analyze
306,MMC,Marsh & McLennan Inc,Common stocks,Large cap,Financials,"$76,759,242,645",1.35%,24.62,3.88,8.2,Analyze
307,MMM,3M,Common stocks,Large cap,Industrials,"$95,122,342,411",3.56%,15.71,2.69,6.15,Analyze
308,MNST,Monster Beverage Corp,Common stocks,Large cap,Consumer Staples,"$45,548,295,019",0.00%,29.81,8.57,7.29,Analyze
309,MO,Altria Group Inc,Common stocks,Large cap,Consumer Staples,"$92,620,976,405",6.89%,37.3,4.39,-57.41,Analyze
310,MOS,Mosaic,Common stocks,Large cap,Materials,"$16,272,309,322",0.64%,9.26,1.48,1.59,Analyze
311,MPC,Marathon Petroleum Corp,Common stocks,Large cap,Energy,"$47,381,783,807",2.97%,4.94,0.39,1.7,Analyze
312,MPWR,Monolithic Power Systems Inc,Common stocks,Large cap,Information Technology,"$18,121,923,880",0.61%,85.38,16.41,15.59,Analyze
313,MRK,Merck & Co Inc,Common stocks,Large cap,Health Care,"$199,574,830,383",3.30%,15.21,3.98,5.54,Analyze
314,MRNA,"Moderna, Inc.",Common stocks,Large cap,Health Care,"$66,473,449,952",0.00%,9.41,5.62,6.57,Analyze
315,MRO,Marathon Oil Corp,Common stocks,Large cap,Energy,"$16,224,708,933",0.86%,-408.26,3.46,1.55,Analyze
316,MS,Morgan Stanley,Common stocks,Large cap,Financials,"$183,550,398,775",2.37%,12.83,3.25,1.76,Analyze
317,MSCI,MSCI Inc,Common stocks,Large cap,Financials,"$44,546,784,041",0.67%,63.0,21.8,-163.32,Analyze
318,MSFT,Microsoft Corp,Common stocks,Large cap,Information Technology,"$2,258,431,011,435",0.76%,31.73,12.21,14.11,Analyze
319,MSI,Motorola Solutions Inc,Common stocks,Large cap,Information Technology,"$39,793,937,148",1.23%,31.68,4.9,-151.28,Analyze
320,MTB,M&T Bank Corp,Common stocks,Large cap,Financials,"$22,542,962,447",2.54%,13.0,3.76,1.29,Analyze
321,MTCH,Match Group Inc,Common stocks,Large cap,Communication Services,"$31,699,893,238",0.00%,114.14,10.63,-161.86,Analyze
322,MTD,Mettler Toledo Inc,Common stocks,Large cap,Health Care,"$34,375,506,766",0.00%,45.46,9.5,215.44,Analyze
323,MU,Micron Technology Inc,Common stocks,Large cap,Information Technology,"$91,788,129,707",0.24%,12.46,3.1,2.0,Analyze
324,NCLH,Norwegian Cruise Line Holdings Ltd,Common stocks,Mid cap,Consumer Discretionary,"$4,403,301,000",0.00%,-2.04,25.88,2.6,Analyze
325,NDAQ,Nasdaq Inc,Common stocks,Large cap,Financials,"$29,770,533,550",1.18%,25.1,5.06,4.66,Analyze
326,NEE,Nextera Energy Inc,Common stocks,Large cap,Utilities,"$148,438,730,263",2.02%,41.74,8.7,4.01,Analyze
327,NEM,Newmont Corporation,Common stocks,Large cap,Materials,"$49,281,501,787",3.51%,23.86,4.04,2.14,Analyze
328,NFLX,Netflix Inc,Common stocks,Large cap,Communication Services,"$179,192,055,245",0.00%,35.02,6.03,11.31,Analyze
329,NI,Nisource Inc,Common stocks,Large cap,Utilities,"$11,679,037,153",2.92%,25.71,2.48,1.77,Analyze
330,NKE,Nike Inc Class B,Common stocks,Large cap,Consumer Discretionary,"$228,111,999,625",0.78%,37.27,4.93,15.41,Analyze
331,NLOK,NortonLifeLock Inc.,Common stocks,Large cap,Information Technology,"$14,764,942,382",1.96%,20.85,0.0,-150.66,Analyze
332,NLSN,Nielsen Holdings Plc,Common stocks,Mid cap,Industrials,"$6,658,104,049",1.29%,8.42,1.56,2.13,Analyze
333,NOC,Northrop Grumman Corp,Common stocks,Large cap,Industrials,"$58,352,463,949",1.64%,8.24,1.64,4.47,Analyze
334,NOW,Servicenow Inc,Common stocks,Large cap,Information Technology,"$111,609,150,000",0.00%,499.68,18.93,31.1,Analyze
335,NRG,NRG Energy Inc,Common stocks,Mid cap,Utilities,"$9,649,091,236",3.32%,3.95,0.44,2.36,Analyze
336,NSC,Norfolk Southern Corp,Common stocks,Large cap,Industrials,"$70,054,140,493",1.59%,21.9,6.29,4.82,Analyze
337,NTAP,NetApp Inc,Common stocks,Large cap,Information Technology,"$19,551,550,098",2.24%,20.76,3.23,25.76,Analyze
338,NTRS,Northern Trust Corporation,Common stocks,Large cap,Financials,"$24,836,285,141",2.32%,16.62,4.42,2.07,Analyze
339,NUE,Nucor Corp,Common stocks,Large cap,Materials,"$32,080,923,607",1.52%,4.66,0.88,2.18,Analyze
340,NVDA,Nvidia Corp,Common stocks,Large cap,Information Technology,"$598,700,000,000",0.07%,72.95,24.66,25.16,Analyze
341,NVR,"NVR, Inc.",Common stocks,Large cap,Consumer Discretionary,"$18,916,122,401",0.00%,14.86,2.11,6.12,Analyze
342,NWL,Newell Brands Inc,Common stocks,Mid cap,Consumer Discretionary,"$9,920,328,000",3.89%,16.45,0.95,2.45,Analyze
343,NWS,News Corp Class B,Common stocks,Large cap,Communication Services,"$13,323,363,816",0.89%,9.07,1.33,0.48,Analyze
344,NWSA,News Corp Class A,Common stocks,Large cap,Communication Services,"$13,323,363,816",0.89%,17.79,1.33,0.94,Analyze
345,NXPI,NXP Semiconductors Nv,Common stocks,Large cap,Information Technology,"$52,745,200,607",1.13%,28.19,4.77,8.08,Analyze
346,O,Realty Income Corporation,REITs,Large cap,Real Estate,"$27,757,298,744",4.08%,58.23,15.28,2.07,Analyze
347,ODFL,Old Dominion Freight Line Inc,Common stocks,Large cap,Industrials,"$37,683,410,506",0.24%,36.43,7.17,10.24,Analyze
348,OGN,Organon & Co.,Common stocks,Mid cap,Health Care,"$8,346,866,955",1.69%,7.31,1.06,-5.19,Analyze
349,OKE,Oneok Inc,Common stocks,Large cap,Energy,"$27,679,291,155",5.89%,19.65,2.02,4.8,Analyze
350,OMC,Omnicom Group Inc,Common stocks,Large cap,Communication Services,"$16,511,545,989",3.55%,12.2,1.16,4.97,Analyze
351,ORCL,Oracle Corp,Common stocks,Large cap,Information Technology,"$218,816,427,180",1.55%,21.37,5.29,-21.71,Analyze
352,ORLY,Oreilly Automotive Inc,Common stocks,Large cap,Consumer Discretionary,"$44,502,082,990",0.00%,21.83,3.46,-315.95,Analyze
353,OTIS,Otis Worldwide Corporation,Common stocks,Large cap,Industrials,"$34,767,339,785",0.88%,28.1,2.43,-9.66,Analyze
354,OXY,Occidental Petroleum Corp,Common stocks,Large cap,Energy,"$37,359,239,240",0.10%,-33.81,1.68,2.02,Analyze
355,PAYC,Paycom Software Inc,Common stocks,Large cap,Information Technology,"$18,888,924,723",0.00%,113.92,19.05,23.69,Analyze
356,PAYX,Paychex Inc,Common stocks,Large cap,Information Technology,"$42,879,575,831",2.20%,33.52,9.9,13.75,Analyze
357,PBCT,Peoples United Financial Inc,Common stocks,Mid cap,Financials,"$8,534,718,979",3.61%,14.44,4.51,1.08,Analyze
358,PCAR,Paccar Inc,Common stocks,Large cap,Industrials,"$32,926,297,313",1.38%,17.67,1.42,2.88,Analyze
359,PEAK,"Healthpeak Properties, Inc.",REITs,Large cap,Real Estate,"$18,328,455,582",3.48%,28.71,14.25,2.67,Analyze
360,PEG,Public Service Enterprise Group Inc,Common stocks,Large cap,Utilities,"$33,919,165,760",3.02%,-50.89,3.74,2.39,Analyze
361,PENN,Penn National Gaming Inc,Common stocks,Mid cap,Consumer Discretionary,"$7,684,088,115",0.00%,18.26,1.3,2.5,Analyze
362,PEP,Pepsico Inc,Common stocks,Large cap,Consumer Staples,"$242,475,846,614",2.40%,29.78,3.16,15.28,Analyze
363,PFE,Pfizer Inc,Common stocks,Large cap,Health Care,"$299,614,819,001",2.91%,15.51,4.71,3.93,Analyze
364,PFG,Principal Financial Group Inc,Common stocks,Large cap,Financials,"$19,270,546,979",3.31%,11.26,1.38,1.2,Analyze
365,PG,Procter & Gamble,Common stocks,Large cap,Consumer Staples,"$397,210,235,011",2.10%,26.94,5.07,8.71,Analyze
366,PGR,Progressive Corp,Common stocks,Large cap,Financials,"$64,181,481,198",1.73%,19.2,1.35,3.5,Analyze
367,PH,Parker-Hannifin Corp,Common stocks,Large cap,Industrials,"$40,040,118,757",1.27%,21.44,2.62,4.44,Analyze
368,PHM,Pultegroup Inc,Common stocks,Large cap,Consumer Discretionary,"$13,378,330,644",1.07%,6.37,0.96,1.65,Analyze
369,PKG,Packaging Corp Of America,Common stocks,Large cap,Materials,"$14,075,731,706",2.67%,16.69,1.82,3.86,Analyze
370,PKI,Perkinelmer Inc,Common stocks,Large cap,Health Care,"$23,718,064,084",0.15%,24.77,4.68,3.24,Analyze
371,PLD,"Prologis, Inc",REITs,Large cap,Real Estate,"$115,660,315,880",1.60%,38.68,24.3,3.39,Analyze
372,PM,Philip Morris International Inc,Common stocks,Large cap,Consumer Staples,"$161,614,281,461",4.68%,17.96,5.26,-15.29,Analyze
373,PNC,"PNC Financial Services Group, Inc.",Common stocks,Large cap,Financials,"$87,913,514,264",2.34%,16.39,4.59,1.6,Analyze
374,PNR,Pentair,Common stocks,Large cap,Industrials,"$10,143,814,825",1.32%,17.9,2.69,4.09,Analyze
375,PNW,Pinnacle West Corp,Common stocks,Mid cap,Utilities,"$7,964,918,225",4.67%,13.87,2.13,1.31,Analyze
376,POOL,Pool Corp,Common stocks,Large cap,Consumer Discretionary,"$18,362,295,117",0.65%,30.49,3.6,18.64,Analyze
377,PPG,PPG Industries Inc,Common stocks,Large cap,Materials,"$37,210,209,699",1.43%,25.24,2.21,5.81,Analyze
378,PPL,PPL Corporation,Common stocks,Large cap,Utilities,"$22,841,900,886",5.48%,-17.1,3.67,1.55,Analyze
379,PRU,Prudential Financial Inc,Common stocks,Large cap,Financials,"$42,861,420,000",3.99%,5.81,0.63,0.72,Analyze
380,PSA,Public Storage,REITs,Large cap,Real Estate,"$64,412,990,525",2.16%,41.57,19.82,7.06,Analyze
381,PSX,Phillips 66,Common stocks,Large cap,Energy,"$38,211,105,811",4.08%,29.67,0.34,2.15,Analyze
382,PTC,PTC Inc,Common stocks,Large cap,Information Technology,"$13,393,780,815",0.00%,26.81,7.3,6.86,Analyze
383,PVH,PVH Corp,Common stocks,Mid cap,Consumer Discretionary,"$6,698,259,222",0.04%,23.94,0.0,1.3,Analyze
384,PWR,Quanta Services Inc,Common stocks,Large cap,Industrials,"$14,459,401,942",0.25%,25.84,1.21,3.08,Analyze
385,PXD,Pioneer Natural Resource,Common stocks,Large cap,Energy,"$54,383,223,235",1.43%,42.01,3.8,2.4,Analyze
386,PYPL,Paypal Holdings Inc,Common stocks,Large cap,Information Technology,"$146,043,820,380",0.00%,35.03,5.76,6.72,Analyze
387,QCOM,Qualcomm Inc,Common stocks,Large cap,Information Technology,"$201,502,102,560",1.51%,20.18,5.59,17.78,Analyze
388,QRVO,"Qorvo, Inc.",Common stocks,Large cap,Information Technology,"$14,187,933,779",0.00%,12.67,3.12,3.04,Analyze
389,RCL,Royal Caribbean Cruises Ltd,Common stocks,Large cap,Consumer Discretionary,"$20,220,122,258",0.00%,-3.66,13.2,3.79,Analyze
390,RE,Everest Re Group Ltd,Common stocks,Large cap,Financials,"$11,319,633,307",2.15%,11.26,1.03,1.14,Analyze
391,REG,Regency Centers Corporation,REITs,Large cap,Real Estate,"$12,178,380,903",3.34%,21.38,10.8,2.01,Analyze
392,REGN,Regeneron Pharmaceuticals Inc,Common stocks,Large cap,Health Care,"$65,619,182,317",0.00%,8.13,5.46,3.8,Analyze
393,RF,Regions Financial Corp,Common stocks,Large cap,Financials,"$22,478,404,250",2.73%,9.63,3.54,1.26,Analyze
394,RHI,Robert Half,Common stocks,Large cap,Industrials,"$12,920,983,476",1.30%,22.01,2.0,9.54,Analyze
395,RJF,Raymond James Inc,Common stocks,Large cap,Financials,"$22,430,866,007",1.03%,14.99,2.2,2.77,Analyze
396,RL,Ralph Lauren Corp Class A,Common stocks,Mid cap,Consumer Discretionary,"$8,602,466,369",1.74%,11.53,1.44,2.12,Analyze
397,RMD,Resmed Inc,Common stocks,Large cap,Health Care,"$34,658,978,170",0.68%,66.96,13.59,11.11,Analyze
398,ROK,Rockwell Automation Inc,Common stocks,Large cap,Industrials,"$33,083,360,425",1.51%,32.42,5.2,11.62,Analyze
399,ROL,Rollins Inc,Common stocks,Large cap,Industrials,"$15,102,812,160",1.10%,42.72,8.17,13.85,Analyze
400,ROP,Roper Technologies Inc,Common stocks,Large cap,Industrials,"$48,648,887,052",0.50%,40.97,7.99,4.08,Analyze
401,ROST,Ross Stores Inc,Common stocks,Large cap,Consumer Discretionary,"$33,347,260,389",1.20%,26.38,0.0,8.37,Analyze
402,RSG,Republic Services Inc,Common stocks,Large cap,Industrials,"$40,296,406,549",1.39%,33.07,3.69,4.52,Analyze
403,RTX,Raytheon Technologies Corporation,Common stocks,Large cap,Industrials,"$138,915,942,235",2.14%,36.03,2.16,1.91,Analyze
404,SBAC,SBA Communications Corporation,REITs,Large cap,Real Estate,"$35,243,345,508",0.72%,119.67,15.67,-7.11,Analyze
405,SBNY,Signature Bank,Common stocks,Large cap,Financials,"$18,843,395,388",0.72%,23.86,10.18,2.45,Analyze
406,SBUX,Starbucks Corp,Common stocks,Large cap,Consumer Discretionary,"$110,359,782,000",1.91%,25.12,3.63,-13.05,Analyze
407,SCHW,Charles Schwab Corporation,Common stocks,Large cap,Financials,"$167,031,415,511",0.81%,31.06,9.02,2.9,Analyze
408,SEDG,SolarEdge Technologies Inc,Common stocks,Large cap,Information Technology,"$12,142,512,793",0.00%,83.24,6.86,9.78,Analyze
409,SEE,Sealed Air Corp,Common stocks,Mid cap,Materials,"$9,899,832,030",1.13%,20.37,1.85,74.67,Analyze
410,SHW,Sherwin Williams,Common stocks,Large cap,Materials,"$75,467,931,095",0.76%,39.62,3.78,30.31,Analyze
411,SIVB,SVB Financial Group,Common stocks,Large cap,Financials,"$35,271,709,466",0.00%,19.93,6.59,2.12,Analyze
412,SJM,J.M. Smucker,Common stocks,Large cap,Consumer Staples,"$15,212,028,262",2.66%,19.3,1.92,1.79,Analyze
413,SLB,Schlumberger Nv,Common stocks,Large cap,Energy,"$54,113,565,168",1.29%,28.72,3.24,3.53,Analyze
414,SNA,Snap On Inc,Common stocks,Large cap,Industrials,"$11,643,915,478",2.34%,13.99,2.53,2.75,Analyze
415,SNPS,Synopsys Inc,Common stocks,Large cap,Information Technology,"$46,570,069,359",0.00%,61.48,11.08,8.79,Analyze
416,SO,Southern Co,Common stocks,Large cap,Utilities,"$73,391,422,222",3.73%,24.3,3.27,2.51,Analyze
417,SPG,"Simon Property Group, Inc",REITs,Large cap,Real Estate,"$47,832,640,886",3.96%,23.68,9.72,14.12,Analyze
418,SPGI,S&P Global Inc,Common stocks,Large cap,Financials,"$99,569,150,000",0.74%,35.63,12.33,54.13,Analyze
419,SRE,Sempra Energy,Common stocks,Large cap,Utilities,"$43,754,367,914",3.97%,40.9,3.59,1.77,Analyze
420,STE,STERIS PLC,Common stocks,Large cap,Health Care,"$22,835,251,357",0.73%,89.91,7.51,3.46,Analyze
421,STT,State Street Corp,Common stocks,Large cap,Financials,"$35,498,936,407",2.22%,14.06,3.24,1.32,Analyze
422,STX,Seagate Technology Plc,Common stocks,Large cap,Information Technology,"$23,678,233,330",1.26%,14.64,2.04,45.02,Analyze
423,STZ,Constellation Brands Class A,Common stocks,Large cap,Consumer Staples,"$44,590,373,896",1.27%,48.61,5.14,3.38,Analyze
424,SWK,Stanley Black & Decker Inc,Common stocks,Large cap,Industrials,"$28,426,470,670",1.70%,16.2,1.69,2.34,Analyze
425,SWKS,Skyworks Solutions Inc,Common stocks,Large cap,Information Technology,"$23,093,457,312",1.52%,16.63,4.7,4.36,Analyze
426,SYF,Synchrony Financial,Common stocks,Large cap,Financials,"$23,121,700,228",1.55%,5.57,1.5,1.7,Analyze
427,SYK,Stryker Corp,Common stocks,Large cap,Health Care,"$94,560,661,167",1.03%,47.46,5.53,6.36,Analyze
428,SYY,Sysco Corp,Common stocks,Large cap,Consumer Staples,"$40,617,762,056",2.33%,58.92,0.73,24.13,Analyze
429,T,AT&T Inc.,Common stocks,Large cap,Communication Services,"$175,358,400,000",8.26%,8.65,1.04,1.03,Analyze
430,TAP,Molson Coors Brewing Class B,Common stocks,Large cap,Consumer Staples,"$10,594,867,971",1.39%,-21.55,1.06,0.72,Analyze
431,TDG,Transdigm Group Inc,Common stocks,Large cap,Industrials,"$34,216,749,367",0.00%,50.34,7.13,-11.74,Analyze
432,TDY,Teledyne Technologies Inc,Common stocks,Large cap,Information Technology,"$19,722,075,999",0.00%,43.76,4.27,2.56,Analyze
433,TECH,Bio-Techne Corp,Common stocks,Large cap,Health Care,"$16,095,350,374",0.31%,76.42,15.63,9.45,Analyze
434,TEL,TE Connectivity Ltd,Common stocks,Large cap,Information Technology,"$47,413,330,482",1.36%,19.29,3.12,4.28,Analyze
435,TER,Teradyne Inc,Common stocks,Large cap,Information Technology,"$18,233,665,472",0.36%,17.86,4.92,7.09,Analyze
436,TFC,Truist Financial Corporation,Common stocks,Large cap,Financials,"$84,511,982,511",2.90%,14.16,3.8,1.23,Analyze
437,TFX,Teleflex Inc,Common stocks,Large cap,Health Care,"$14,565,031,854",0.44%,33.86,5.28,4.01,Analyze
438,TGT,Target Corp,Common stocks,Large cap,Consumer Discretionary,"$102,158,801,796",1.48%,15.12,0.99,7.43,Analyze
439,TJX,"TJX Companies, Inc.",Common stocks,Large cap,Consumer Discretionary,"$83,274,840,685",1.48%,43.84,1.82,12.8,Analyze
440,TMO,Thermo Fisher Scientific Inc,Common stocks,Large cap,Health Care,"$234,431,028,399",0.17%,30.32,5.98,5.73,Analyze
441,TMUS,T Mobile US Inc,Common stocks,Large cap,Communication Services,"$150,860,685,233",0.00%,49.89,1.88,2.18,Analyze
442,TPR,Tapestry,Common stocks,Large cap,Consumer Discretionary,"$10,546,218,043",1.30%,12.76,1.74,3.36,Analyze
443,TRMB,Trimble Inc,Common stocks,Large cap,Information Technology,"$17,756,333,438",0.00%,31.72,4.98,4.56,Analyze
444,TROW,T Rowe Price Group Inc,Common stocks,Large cap,Financials,"$33,256,456,372",2.87%,10.99,4.34,3.7,Analyze
445,TRV,Travelers Companies Inc,Common stocks,Large cap,Financials,"$42,330,714,772",2.01%,11.62,1.22,1.46,Analyze
446,TSCO,Tractor Supply,Common stocks,Large cap,Consumer Discretionary,"$24,977,823,221",0.94%,24.76,1.96,12.33,Analyze
447,TSLA,Tesla Inc,Common stocks,Large cap,Consumer Discretionary,"$894,940,580,211",0.00%,267.38,19.1,34.28,Analyze
448,TSN,Tyson Foods Inc Class A,Common stocks,Large cap,Consumer Staples,"$32,888,763,520",1.97%,8.49,0.7,1.46,Analyze
449,TT,Trane Technologies plc,Common stocks,Large cap,Industrials,"$38,381,741,961",1.45%,26.49,2.72,6.01,Analyze
450,TTWO,Take Two Interactive Software Inc,Common stocks,Large cap,Communication Services,"$18,796,171,114",0.00%,35.8,5.57,5.82,Analyze
451,TWTR,Twitter Inc,Common stocks,Large cap,Communication Services,"$27,570,548,283",0.00%,-163.2,5.74,4.12,Analyze
452,TXN,Texas Instrument Inc,Common stocks,Large cap,Information Technology,"$162,161,938,593",2.45%,20.42,8.84,11.87,Analyze
453,TXT,Textron Inc,Common stocks,Large cap,Industrials,"$15,013,161,530",0.12%,19.87,1.2,2.17,Analyze
454,TYL,Tyler Technologies Inc,Common stocks,Large cap,Information Technology,"$18,906,068,437",0.00%,119.98,13.11,8.76,Analyze
455,UA,Under Armour Inc Class C,Common stocks,Mid cap,Consumer Discretionary,"$7,841,349,120",0.00%,9.56,1.41,2.1,Analyze
456,UAA,Under Armour Inc Class A,Common stocks,Mid cap,Consumer Discretionary,"$7,841,349,120",0.00%,8.49,1.41,1.87,Analyze
457,UAL,United Continental Holdings Inc,Common stocks,Large cap,Industrials,"$13,941,242,052",0.00%,-7.06,0.57,2.76,Analyze
458,UDR,"UDR, Inc",REITs,Large cap,Real Estate,"$17,787,492,384",2.50%,321.22,14.29,5.69,Analyze
459,UHS,Universal Health Services Inc.,Common stocks,Large cap,Health Care,"$11,170,515,840",0.46%,8.95,0.9,1.51,Analyze
460,ULTA,Ulta Beauty Inc,Common stocks,Large cap,Consumer Discretionary,"$19,740,874,303",0.00%,22.8,2.44,9.96,Analyze
461,UNH,Unitedhealth Group Inc,Common stocks,Large cap,Health Care,"$460,348,635,463",1.14%,26.33,1.61,6.06,Analyze
462,UNP,Union Pacific Corp,Common stocks,Large cap,Industrials,"$157,086,677,295",1.74%,23.89,7.2,11.0,Analyze
463,UPS,United Parcel Service Inc Class B,Common stocks,Large cap,Industrials,"$197,679,636,000",1.77%,12.72,2.03,11.5,Analyze
464,URI,United Rentals Inc,Common stocks,Large cap,Industrials,"$23,495,837,666",0.00%,16.32,2.42,3.78,Analyze
465,USB,US Bancorp,Common stocks,Large cap,Financials,"$87,707,482,713",2.94%,11.64,3.86,1.61,Analyze
466,V,Visa Inc Class A,Common stocks,Large cap,Information Technology,"$510,314,160,000",0.58%,29.12,20.03,10.46,Analyze
467,VFC,VF Corp,Common stocks,Large cap,Consumer Discretionary,"$24,757,480,121",3.06%,17.59,2.13,6.72,Analyze
468,VIAC,ViacomCBS Inc. - Class B,Common stocks,Large cap,Communication Services,"$21,556,405,756",2.87%,6.15,0.8,0.99,Analyze
469,VLO,Valero Energy Corp,Common stocks,Large cap,Energy,"$34,787,822,480",5.62%,38.2,0.31,2.03,Analyze
470,VMC,Vulcan Materials,Common stocks,Large cap,Materials,"$24,598,203,990",0.80%,36.57,4.8,3.8,Analyze
471,VNO,Vornado Realty Trust,REITs,Mid cap,Real Estate,"$7,777,366,694",5.12%,-83.09,5.04,1.23,Analyze
472,VRSK,Verisk Analytics Inc,Common stocks,Large cap,Industrials,"$31,739,121,193",0.59%,45.5,10.78,11.74,Analyze
473,VRSN,Verisign Inc,Common stocks,Large cap,Information Technology,"$24,276,192,188",0.00%,39.64,18.57,-17.12,Analyze
474,VRTX,Vertex Pharmaceuticals Inc,Common stocks,Large cap,Health Care,"$61,973,909,888",0.00%,26.27,8.18,6.09,Analyze
475,VTR,"Ventas, Inc",REITs,Large cap,Real Estate,"$20,449,780,947",3.47%,99.7,5.49,1.8,Analyze
476,VTRS,Viatris Inc.,Common stocks,Large cap,Health Care,"$18,298,122,384",2.16%,-9.52,1.07,0.87,Analyze
477,VZ,Verizon Communications Inc,Common stocks,Large cap,Communication Services,"$225,798,255,876",5.82%,10.14,1.69,2.74,Analyze
478,WAB,Westinghouse Air Brake Technologies,Common stocks,Large cap,Industrials,"$16,615,860,896",0.54%,36.09,2.14,1.62,Analyze
479,WAT,Waters Corp,Common stocks,Large cap,Health Care,"$20,058,349,081",0.00%,28.71,7.2,54.12,Analyze
480,WBA,Walgreen Boots Alliance Inc,Common stocks,Large cap,Consumer Staples,"$42,731,965,337",3.76%,6.52,0.32,1.37,Analyze
481,WDC,Western Digital Corp,Common stocks,Large cap,Information Technology,"$16,294,762,539",0.00%,8.1,0.86,1.34,Analyze
482,WEC,WEC Energy Group Inc,Common stocks,Large cap,Utilities,"$30,183,930,271",2.80%,22.96,3.63,2.73,Analyze
483,WELL,Welltower Inc,REITs,Large cap,Real Estate,"$36,023,319,937",2.92%,79.35,7.95,2.08,Analyze
484,WFC,Wells Fargo,Common stocks,Large cap,Financials,"$226,550,668,002",1.35%,15.53,3.96,1.23,Analyze
485,WHR,Whirlpool Corp,Common stocks,Large cap,Consumer Discretionary,"$12,489,992,932",2.63%,6.88,0.57,2.53,Analyze
486,WM,Waste Management Inc,Common stocks,Large cap,Industrials,"$61,254,064,156",1.56%,33.41,3.42,8.51,Analyze
487,WMB,Williams Inc,Common stocks,Large cap,Energy,"$36,827,553,208",5.29%,36.86,3.74,3.32,Analyze
488,WMT,Walmart Stores Inc,Common stocks,Large cap,Consumer Staples,"$391,089,123,793",1.55%,48.19,0.68,4.7,Analyze
489,WRB,WR Berkley Corp,Common stocks,Large cap,Financials,"$15,710,400,645",0.57%,15.51,1.66,2.38,Analyze
490,WRK,Westrock,Common stocks,Large cap,Materials,"$12,224,521,179",2.00%,17.52,0.63,1.03,Analyze
491,WST,West Pharmaceutical Services Inc,Common stocks,Large cap,Health Care,"$29,791,157,387",0.17%,48.25,11.11,13.48,Analyze
492,WTW,Willis Towers Watson Public Limited Company,Common stocks,Large cap,Financials,"$29,198,946,710",1.28%,9.83,3.04,2.6,Analyze
493,WY,Weyerhaeuser Company,REITs,Large cap,Real Estate,"$30,950,539,400",1.62%,11.63,3.03,2.82,Analyze
494,WYNN,Wynn Resorts Ltd,Common stocks,Mid cap,Consumer Discretionary,"$9,741,864,580",0.00%,-11.66,2.87,-185.75,Analyze
495,XEL,Xcel Energy Inc,Common stocks,Large cap,Utilities,"$37,421,791,848",2.62%,23.2,2.79,2.44,Analyze
496,XLNX,Xilinx Inc,Common stocks,Large cap,Information Technology,"$50,384,290,323",0.18%,55.89,13.7,14.13,Analyze
497,XOM,Exxon Mobil Corp,Common stocks,Large cap,Energy,"$337,330,605,732",4.29%,14.96,1.2,2.15,Analyze
498,XRAY,Dentsply Sirona Inc,Common stocks,Large cap,Health Care,"$11,498,729,568",0.82%,27.38,2.71,2.23,Analyze
499,XYL,Xylem Inc,Common stocks,Large cap,Industrials,"$16,526,811,179",1.22%,38.22,3.18,5.06,Analyze
500,YUM,Yum Brands Inc,Common stocks,Large cap,Consumer Discretionary,"$36,744,234,461",1.59%,23.29,5.71,-4.67,Analyze
501,ZBH,Zimmer Biomet Holdings Inc,Common stocks,Large cap,Health Care,"$25,334,274,130",0.79%,31.32,3.21,2.02,Analyze
502,ZBRA,Zebra Technologies Corp,Common stocks,Large cap,Information Technology,"$27,164,309,875",0.00%,31.82,4.97,9.55,Analyze
503,ZION,Zions Bancorporation,Common stocks,Large cap,Financials,"$10,780,332,601",2.07%,10.12,3.7,1.49,Analyze
504,ZTS,Zoetis Inc,Common stocks,Large cap,Health Care,"$95,060,440,156",0.53%,47.63,12.48,20.18,Analyze
505,TOTAL,505,,,,"$42,264,385,897,080",1.23%,,,,
